1,Upton Keeting,Bangalore,62134
2,Wyatt Pim,Mysore,59786
3,Monah MacVay,Guntur,84797
4,Avigdor Lowerson,Mysore,84883
5,Mary Bonsey,Delhi,74244
6,Engracia Falloon,Mangalore,74787
7,Grissel Alcorn,Mangalore,34883
8,Lem Dinkin,Guntur,78414
9,Frasquito Meeking,Mangalore,38032
10,Shadow Moverley,Vijayawada,85715
11,Fanchon Itscovitz,Guntur,32135
12,Bengt Nicklinson,Vijayawada,49076
13,Suki O'Kane,Mangalore,34931
14,Murry Darracott,Narasaraopet,35373
15,Shirl Chown,Mangalore,84415
16,Jesse Kitchener,Narasaraopet,87403
17,Selma Dearle-Palser,Guntur,23418
18,Jerrie Presho,Hyderabad,66051
19,Claudette Gaines,Delhi,55528
20,Harmonie Van Eeden,Delhi,80450
21,Goraud Vanne,Narasaraopet,54434
22,Raynard Shimwell,Mangalore,54287
23,Vincents Mattinson,Bangalore,40935
24,Gabbie Stirley,Hyderabad,71374
25,Dedie Gepheart,Guntur,44772
26,Fred Volet,Mangalore,31361
27,Tanner Dametti,Hyderabad,53200
28,Randie MacGilmartin,Guntur,65377
29,Zachary Dundin,Narasaraopet,63027
30,Onfroi Tavinor,Vijayawada,31243
31,Aurel Sidwick,Hyderabad,77282
32,Bekki Peagram,Narasaraopet,60010
33,Dionne Mertgen,Mysore,62554
34,Emmott Barwell,Hyderabad,60260
35,Rakel Scrane,Bangalore,55679
36,Kelley Astall,Delhi,63717
37,Emory Adshede,Hyderabad,72711
38,Fitzgerald Pembry,Mangalore,68773
39,Mel Marnane,Mangalore,32912
40,Anett Le Guin,Mysore,50195
41,Debbi Itzkin,Delhi,51961
42,Clea Bantham,Mysore,85224
43,Thorstein Bencher,Guntur,29317
44,Blythe Jerrans,Narasaraopet,83555
45,Rea Redon,Hyderabad,88979
46,Miranda Rummings,Narasaraopet,77964
47,Stefan Olijve,Mysore,31805
48,Jeth Batte,Guntur,41675
49,Danny Follacaro,Narasaraopet,65506
50,Foss Cornew,Hyderabad,56895
51,Katalin Bysshe,Hyderabad,77814
52,Sutherland Petrello,Mangalore,44015
53,Julianne Watting,Bangalore,36898
54,Chelsae Leete,Guntur,55980
55,Wallache Romayne,Guntur,28876
56,Jelene Simonnot,Mangalore,47626
57,Ilyssa Widdowes,Hyderabad,60380
58,Pooh Beneze,Mysore,68396
59,Whitby Knight,Mangalore,81209
60,Dunn Aldren,Hyderabad,78380
61,Launce Corns,Delhi,81700
62,Rosaline Elwood,Narasaraopet,41610
63,Lyn Arthur,Delhi,60049
64,Laird Notman,Mangalore,35777
65,Urson De Angelis,Vijayawada,48633
66,Andrea O'Reilly,Narasaraopet,82684
67,Timmie Cattellion,Delhi,88854
68,Garrott Beaten,Vijayawada,47378
69,Ezmeralda O'Donovan,Narasaraopet,86428
70,Chris De Vaar,Vijayawada,53891
71,Bern Abelson,Mangalore,26209
72,Sergeant De Beauchamp,Hyderabad,38638
73,Tybalt Ely,Mysore,55107
74,Nora Josling,Mysore,61577
75,Jasmine Thirlaway,Vijayawada,22143
76,Claudell Pleager,Bangalore,52962
77,Justine Felton,Hyderabad,89790
78,Ailina Sygrove,Guntur,53608
79,Jena Benneyworth,Mangalore,72564
80,Quinta Matveyev,Bangalore,26607
81,Peadar King,Narasaraopet,23806
82,Audy Mealham,Hyderabad,51315
83,Gaby Sapsforde,Bangalore,47936
84,Bryn Duerden,Delhi,30125
85,Bonny Eddleston,Vijayawada,23623
86,Lorianna Pointer,Guntur,32508
87,Anny Pinchback,Guntur,34099
88,Clarabelle Marushak,Mangalore,68465
89,Diandra Burdis,Hyderabad,87581
90,Archy Sullivan,Guntur,42555
91,Kaitlin Schubert,Bangalore,79510
92,Heida Serrell,Vijayawada,51372
93,Barclay Seagood,Bangalore,88862
94,Delinda Taylder,Hyderabad,54014
95,Prentiss Bliven,Hyderabad,89669
96,Faythe Annable,Bangalore,50104
97,Millard Espie,Hyderabad,76972
98,Charisse Sapsforde,Mysore,51813
99,Wendeline Foad,Vijayawada,76787
100,Ravid Varren,Mangalore,77300
101,Annalise Wherry,Guntur,39923
102,Basile Christol,Bangalore,39441
103,Averill Stolli,Mysore,37470
104,Wilie Birchner,Vijayawada,37132
105,Gracia Dumbrall,Mysore,30088
106,Joell Labram,Hyderabad,22794
107,Fayina Erlam,Mysore,50602
108,Meryl Windows,Vijayawada,36105
109,Loni Standingford,Narasaraopet,31254
110,Marsiella Braam,Narasaraopet,36140
111,Billi Rodinger,Guntur,77111
112,Nichol Vasilchenko,Bangalore,54361
113,Kerwinn Pheasant,Hyderabad,77090
114,Wendi Eymer,Vijayawada,81074
115,Carola Fuidge,Vijayawada,67624
116,Milo Bernardino,Bangalore,71047
117,Wenonah Penwright,Narasaraopet,82977
118,Elana Clingan,Bangalore,20992
119,Ottilie Penas,Mysore,78217
120,Tracie Hightown,Mangalore,88131
121,Cammy Gallacher,Bangalore,28415
122,Asa Swindley,Mysore,26745
123,Sharron Daniau,Bangalore,35634
124,Boote Bate,Guntur,22081
125,Zaccaria Rotlauf,Hyderabad,43985
126,Aluin Hammel,Delhi,26650
127,Stewart Weaben,Guntur,20717
128,Pegeen Hackney,Mangalore,89377
129,Elwin Colliver,Delhi,39863
130,Estell Summerlie,Guntur,27655
131,Lucine Jaquest,Delhi,87504
132,Delano Wigg,Delhi,60294
133,Vinny MacColgan,Vijayawada,44145
134,Pamella Davies,Vijayawada,29179
135,Delcina Seneschal,Vijayawada,53579
136,Ario Kingswoode,Mangalore,38076
137,Tedra Govini,Vijayawada,61367
138,Garek Cartmer,Narasaraopet,43719
139,Petey Downey,Hyderabad,77450
140,Tania Bohje,Hyderabad,43778
141,Chadwick Helling,Mangalore,70367
142,Rafaelia Sandifer,Mangalore,84818
143,Elisha Fishleigh,Guntur,43990
144,Rod Ivanenko,Mangalore,63109
145,Honey Demaine,Hyderabad,30134
146,Sheff Perrins,Delhi,31673
147,Maible Padgett,Hyderabad,57444
148,Jackson Morshead,Mysore,60582
149,Shamus Lindeberg,Delhi,39307
150,Patin Lumsden,Vijayawada,31883
151,Kelwin Whoolehan,Mangalore,42232
152,Lemmy Spavon,Hyderabad,34775
153,Buffy Moggan,Narasaraopet,47238
154,Gustaf Salan,Mangalore,50967
155,Ebenezer Dellatorre,Delhi,48617
156,Vin Peaple,Vijayawada,49308
157,Cesya Magrane,Guntur,20720
158,Hollis Joiner,Mysore,36777
159,Pennie Marsham,Mangalore,75953
160,Mersey Lindman,Mysore,28285
161,Gabey Croker,Vijayawada,76264
162,Leigha Arundale,Mangalore,33380
163,Cy Munkton,Narasaraopet,63257
164,Isidro Jayes,Guntur,72540
165,Mada Dimbylow,Bangalore,20872
166,Kirstyn Lilleyman,Mysore,35176
167,Arlana Baggett,Mysore,33495
168,Wilbert Duxfield,Vijayawada,33135
169,Dede Normandale,Mysore,63814
170,Bridgette Junkinson,Hyderabad,76775
171,Elinor Breckenridge,Hyderabad,77446
172,Davey Kynge,Hyderabad,64581
173,Kane Caseri,Bangalore,38466
174,Elyn Eouzan,Vijayawada,20017
175,Evelyn Skipping,Delhi,76921
176,Hartwell Sainsbury-Brown,Narasaraopet,82519
177,Valentijn Willars,Narasaraopet,45075
178,Moina Johannes,Mangalore,36096
179,Benny Debrett,Guntur,30657
180,Camellia De Gouy,Delhi,88831
181,Ella Allridge,Mysore,49041
182,Rog Pointon,Delhi,41524
183,Clare Newick,Bangalore,48943
184,Staci Wheelhouse,Mangalore,85550
185,Emmalee Leverentz,Guntur,65742
186,Lauryn Sieghart,Narasaraopet,64141
187,Othelia Blowers,Guntur,28959
188,Zebadiah Petigrew,Bangalore,26824
189,Goldie Dighton,Bangalore,34274
190,Sosanna O'Kerin,Vijayawada,87712
191,Damon Jaimez,Mysore,46711
192,Claiborn Primrose,Vijayawada,78633
193,Sol Garshore,Bangalore,31888
194,Valentino Cotton,Narasaraopet,77319
195,Cletus Soldner,Mangalore,25931
196,Gaylene Tuer,Narasaraopet,82099
197,Britte Matusson,Guntur,78135
198,Robin Dingley,Delhi,70026
199,Marlowe Huyhton,Mysore,23807
200,Gwynne Butlin,Mangalore,24495
201,Carolyne Haddacks,Delhi,75439
202,Madelene Sackett,Mangalore,66525
203,Charlie Pirnie,Vijayawada,31902
204,Hadria Pluck,Mysore,41108
205,Robb Caunce,Narasaraopet,69432
206,Luciana Gallimore,Mangalore,79236
207,Lilli Masi,Hyderabad,88741
208,Ignacio Kerans,Mangalore,50898
209,Jaime Revening,Mangalore,68246
210,Karney Riteley,Mysore,71782
211,Kinsley Stern,Bangalore,60873
212,Rodrigo Heeks,Mysore,55138
213,Vivianne Morrowe,Delhi,61065
214,Desmond Szwandt,Narasaraopet,52320
215,Dasie Hazell,Mysore,87824
216,Levon Fewings,Narasaraopet,82485
217,Fletch Spofford,Vijayawada,70316
218,Beatrisa Tewkesbury.,Vijayawada,69635
219,Erroll Janca,Mangalore,57390
220,Derrik Quiddihy,Mysore,73582
221,Lilly Meenehan,Mangalore,20698
222,Baryram Mussen,Vijayawada,38035
223,Bernardine Coldham,Mysore,23624
224,Cece Astell,Guntur,64928
225,Martha Denington,Hyderabad,66569
226,Clarance Aldwich,Vijayawada,23760
227,Julianna Dyneley,Vijayawada,21273
228,Isabella Varndall,Mysore,40653
229,Norris Darridon,Guntur,89025
230,Corrinne Brazener,Hyderabad,73250
231,Lezley Brevitt,Bangalore,84610
232,Burton Garshore,Bangalore,79194
233,Bari Gheorghescu,Bangalore,86568
234,Reena Byres,Guntur,54948
235,Silvano Ortega,Guntur,42830
236,Bronny Owers,Vijayawada,71166
237,Wylie Franschini,Vijayawada,56746
238,Maridel Merryweather,Vijayawada,45485
239,Morgana Duckwith,Bangalore,41659
240,Ddene Howgate,Mangalore,79061
241,Clay Lilliman,Guntur,87136
242,Orel Yewdell,Mangalore,24822
243,Diarmid Castel,Narasaraopet,79704
244,Stesha O'Flannery,Vijayawada,81903
245,Virgie Chaise,Narasaraopet,82595
246,Tera Smolan,Vijayawada,68510
247,Rubina Stambridge,Delhi,88036
248,Anatole Broadstock,Mysore,33513
249,Courtney Stitson,Bangalore,44694
250,Dina Swanger,Mysore,32422
251,Stuart Kinny,Bangalore,36744
252,Benito Mehmet,Vijayawada,72450
253,Shermie Cruickshanks,Mysore,67340
254,Bobbye Meatcher,Delhi,32254
255,Roberto Tolwood,Guntur,73755
256,Hurleigh Shernock,Vijayawada,78903
257,Sharai Toothill,Narasaraopet,34411
258,Jaquenetta Dunks,Vijayawada,31080
259,Von McGlone,Guntur,46580
260,Christie Crudginton,Vijayawada,31690
261,Myrtle McNee,Mysore,72112
262,Kip Skaife,Hyderabad,41418
263,Yardley Guare,Mysore,62251
264,Issi Victor,Mysore,34354
265,Claudine Childerhouse,Hyderabad,56749
266,Jeanette Bentson,Vijayawada,58209
267,Darda Solleme,Narasaraopet,76779
268,Mattias Clear,Guntur,38854
269,Sebastiano Lago,Hyderabad,44094
270,Gideon Durtnall,Bangalore,80132
271,Gerrilee Davydkov,Mysore,44970
272,Hilary Lorey,Delhi,62721
273,Felipe Chopin,Hyderabad,54154
274,Thibaut Presslie,Bangalore,82160
275,Allix Ivett,Guntur,77838
276,Jill Barton,Vijayawada,50959
277,Carling Clatworthy,Vijayawada,42057
278,Jorie Roff,Narasaraopet,63916
279,Claudetta Kennaird,Vijayawada,20370
280,Elene Abele,Narasaraopet,45735
281,Harriot Schoenfisch,Narasaraopet,82858
282,Anatola Plastow,Hyderabad,36637
283,Wilona De Rechter,Hyderabad,42587
284,Norbert Sibbe,Mangalore,48967
285,Kaitlin McSweeney,Delhi,21254
286,Ardenia Perceval,Delhi,54933
287,Joshia Belderfield,Hyderabad,45985
288,Claudetta Sailes,Bangalore,38780
289,Frazer Dundridge,Vijayawada,79856
290,Sabra Etchell,Bangalore,42274
291,Doug Pisco,Hyderabad,68555
292,Hillary Huitt,Narasaraopet,80414
293,Cristal Lantuff,Vijayawada,32369
294,Ingaborg Haukey,Vijayawada,71469
295,Aleksandr Pratley,Bangalore,69529
296,Shayne Harme,Bangalore,74108
297,Alanah Tunnock,Hyderabad,74210
298,Aharon Abdee,Bangalore,63241
299,Abeu Vasilchenko,Narasaraopet,89319
300,Devland Killby,Narasaraopet,88855
301,Martguerita Scarasbrick,Vijayawada,67074
302,Zarah Bussey,Mysore,71007
303,Alicia Lavies,Hyderabad,37528
304,Ulrich Balcers,Hyderabad,26134
305,Bent Tavener,Narasaraopet,35511
306,Wilden Pucknell,Vijayawada,62877
307,Rosabelle Tureville,Delhi,28391
308,Rickie Whapham,Mangalore,49106
309,Sibel Chretien,Narasaraopet,65741
310,Xerxes Taill,Mangalore,32742
311,Claresta Marrington,Mangalore,61839
312,Karlotte Haynesford,Mysore,26487
313,Celestina Piggen,Guntur,46065
314,Harriott Havard,Guntur,79167
315,Natalina Hindrich,Mysore,33488
316,Glenn South,Mangalore,78322
317,Muffin Adamovicz,Delhi,40051
318,Zerk Bennike,Hyderabad,87085
319,Emmalyn Haggus,Vijayawada,54186
320,Loydie Cruikshank,Mangalore,74873
321,Gabby Traylen,Vijayawada,63236
322,Magdalena Mahaffey,Mangalore,23111
323,Nehemiah Stentiford,Narasaraopet,52266
324,Andriette Toplin,Guntur,59004
325,Robert Goligher,Mangalore,53280
326,Amanda Thieme,Mangalore,89860
327,Torry Powell,Mangalore,86151
328,Illa Woodstock,Delhi,51113
329,Meridith Rowcastle,Narasaraopet,89878
330,Crosby Vasilchikov,Narasaraopet,81745
331,Bryanty Caroline,Mangalore,87133
332,Noemi Varian,Mysore,20716
333,Josefa McFarlane,Guntur,31489
334,Cammy Tatlowe,Bangalore,70678
335,Amalee Marfe,Narasaraopet,50323
336,Carlin Brozsset,Guntur,21193
337,Nicki Kayzer,Vijayawada,56460
338,Chadd Burgin,Guntur,64005
339,Evey Catcheside,Hyderabad,77152
340,Hervey Wetherill,Bangalore,46707
341,Jasun Dalling,Bangalore,27428
342,Casey Handman,Vijayawada,43519
343,Gretta Lobley,Mangalore,52160
344,Francklyn Steinson,Narasaraopet,47092
345,Garret Souster,Guntur,29046
346,Danette Prine,Mysore,73718
347,Risa Mellhuish,Delhi,24658
348,Celestina Fydoe,Mangalore,62844
349,Miranda Ankers,Mangalore,25450
350,Rockwell Da Costa,Mysore,84589
351,Jana Mityakov,Vijayawada,41044
352,Isabel Thirwell,Bangalore,56718
353,Iago Berwick,Mysore,33638
354,Clayborn Draysay,Bangalore,33625
355,Cele Cotty,Mysore,44307
356,Rockey Tuny,Mysore,71431
357,Maure Varcoe,Mangalore,84482
358,Teddy Gething,Narasaraopet,82885
359,Stephanus Matczak,Mangalore,39634
360,Pepita Kingshott,Hyderabad,57516
361,Christoph Merrydew,Guntur,81087
362,Cristi Skep,Bangalore,84353
363,Bobbie Meachan,Bangalore,30912
364,Cassey Williams,Mangalore,70338
365,Ofella Sever,Narasaraopet,45376
366,Jodie Mitkin,Mysore,87050
367,Jeanette Stormes,Bangalore,21036
368,Ariela MacDavitt,Narasaraopet,85753
369,Kassia Huxter,Vijayawada,26838
370,Iosep Fanthome,Narasaraopet,32287
371,Zia Roskeilly,Mysore,53628
372,Jakie Hardaway,Narasaraopet,22532
373,Hoyt Tredgold,Hyderabad,35103
374,Kylie Jurkiewicz,Hyderabad,79344
375,Roscoe Milksop,Mysore,81686
376,Marlow Raccio,Narasaraopet,67352
377,Maitilde Villaret,Narasaraopet,22600
378,Bernetta Tredinnick,Narasaraopet,36455
379,Lanita Marcinkowski,Hyderabad,72662
380,Efren Dowsing,Narasaraopet,55230
381,Farlee Reeman,Hyderabad,60140
382,Gordan Balham,Narasaraopet,68984
383,Tarra Tirone,Narasaraopet,60816
384,Charmaine Polon,Bangalore,47672
385,Clint Huckleby,Narasaraopet,87542
386,Kathryne Smithers,Mysore,66598
387,Ramon Willshee,Mysore,46421
388,Daryl Marin,Delhi,32908
389,Orelee Millott,Guntur,36885
390,Kippie Hearn,Bangalore,38890
391,Junina Abbets,Narasaraopet,46759
392,Krysta Parry,Vijayawada,22671
393,Giacinta Whellans,Mysore,86632
394,Jocelyne Doige,Guntur,72888
395,Yulma Adcock,Mysore,30638
396,Justen Kippins,Narasaraopet,53859
397,Dina Jakubczyk,Narasaraopet,57254
398,Worthy Mintoff,Narasaraopet,59361
399,Kellen Goldster,Guntur,30038
400,Dennie Vivians,Mangalore,84115
401,Dacey Francis,Delhi,72185
402,Tallie Hedin,Delhi,48832
403,Em Gentreau,Delhi,80263
404,Barth Birtonshaw,Vijayawada,52979
405,Son Gleasane,Guntur,35503
406,Donnajean Tillman,Narasaraopet,22332
407,Petronia Flower,Delhi,59727
408,Stacia Posse,Mangalore,76675
409,Wallis Kiehnlt,Mangalore,43371
410,Modestia Rummings,Bangalore,28124
411,Raleigh Kenson,Hyderabad,24757
412,Kleon Klesl,Delhi,56149
413,Xylia Yockley,Guntur,82078
414,Jodie Soeiro,Delhi,26089
415,Gardiner Garnar,Bangalore,44757
416,Benton Corkish,Mangalore,85518
417,Eleen Gouda,Mysore,46186
418,Warden Putnam,Narasaraopet,83486
419,Happy Debell,Guntur,89493
420,Garold Henkmann,Narasaraopet,42407
421,Jeanie Lighten,Mangalore,53484
422,Gertrude Parffrey,Hyderabad,25823
423,Riobard Puve,Mysore,54114
424,Bunny Moreland,Delhi,84503
425,Bancroft Walenta,Mangalore,84557
426,Slade Borland,Mangalore,80901
427,Valerye Bisseker,Mangalore,87154
428,Jacklin Anning,Narasaraopet,26031
429,Maryrose Iannazzi,Guntur,35532
430,Buiron Kinkaid,Delhi,81068
431,Roseanne Chatt,Mangalore,43345
432,Flemming McCumskay,Vijayawada,23505
433,Ansel Brinsden,Guntur,56923
434,Lucky Sprigg,Hyderabad,59184
435,Gael Freiburger,Mysore,29425
436,Travis Henrie,Guntur,55688
437,Gerald Huyche,Narasaraopet,30296
438,Meta Kliemann,Mangalore,62242
439,Yves Saggers,Mangalore,86997
440,Tabb Lutz,Mysore,40770
441,Quinn Vanderson,Narasaraopet,77042
442,Glyn Caroll,Bangalore,80690
443,Rasia Scneider,Hyderabad,54281
444,Luella Stamp,Mangalore,23038
445,Jacquenette Kenen,Vijayawada,63591
446,Francoise Gerardot,Mangalore,36336
447,Ambur Eilhart,Guntur,55244
448,Moina Lefever,Mysore,78050
449,Inglebert Doodney,Bangalore,73558
450,Reed Krabbe,Bangalore,43837
451,Brietta Willshere,Delhi,30841
452,Ardath Croome,Mangalore,64413
453,Lezlie Vankeev,Guntur,29778
454,Mordecai Peete,Vijayawada,54118
455,Bat Beazey,Mysore,89991
456,Caresa Barrus,Hyderabad,68374
457,Clark Whithalgh,Vijayawada,83168
458,Madelon Westney,Guntur,42380
459,Ahmed MacGuffie,Delhi,27508
460,Dietrich Wildgoose,Mangalore,49924
461,Fitzgerald Mylechreest,Mangalore,61017
462,Melisa Leyburn,Bangalore,65049
463,Filippo Sargeant,Mangalore,35086
464,Karisa Welsh,Mangalore,56647
465,Margaretha Wildblood,Guntur,38711
466,Delinda Fairy,Narasaraopet,79589
467,Marsh Sears,Bangalore,71687
468,Fara Lofting,Delhi,49076
469,Shannan Hickin,Mangalore,57884
470,Elsie Normanville,Vijayawada,64314
471,Clayborne Fullicks,Hyderabad,76466
472,Cross Carren,Narasaraopet,60911
473,Sada Strong,Bangalore,67406
474,Karalynn Guillerman,Hyderabad,73623
475,Krystle Heers,Guntur,50956
476,Fanchette Caught,Vijayawada,22809
477,Heather Cosby,Guntur,52673
478,Lane Punch,Delhi,21416
479,Consalve Trippack,Guntur,82714
480,Jaimie Cale,Mysore,34640
481,Llywellyn Simonassi,Delhi,53618
482,Goldie Woodrup,Narasaraopet,70258
483,Garrott Orme,Narasaraopet,64759
484,Lonna Dufaur,Narasaraopet,85256
485,Herold Darwin,Bangalore,26131
486,Ashlan Jakubovski,Vijayawada,76189
487,Bell Kohler,Guntur,73864
488,Tyrus Garnson,Mysore,27628
489,Esme Bunning,Vijayawada,21420
490,Danny Sygroves,Bangalore,74916
491,Ailsun McKevin,Mangalore,59117
492,Davidson Pougher,Delhi,61553
493,Ganny Mathie,Bangalore,47325
494,Dreddy Wakeman,Bangalore,61257
495,Cymbre Eaves,Delhi,61384
496,Conrado Averall,Hyderabad,49673
497,Marsh Duesberry,Mangalore,39305
498,Averil Lythgoe,Mysore,82834
499,Wayne Angric,Delhi,39323
500,Darbee Savins,Narasaraopet,29584
